onset	duration	trial_type
3.00034	16.00802	scrambled
30.00065	16.00407	translation
57.00083	16.00517	original
84.00101	16.00111	static
111.0015	16.00229	translation
138.0021	16.00098	static
165.0021	16.00098	scrambled
192.0021	16.00098	original
219.0021	16.00113	original
246.0021	16.00099	scrambled
273.0021	16.00097	static
300.0021	16.00111	translation
327.0021	16.00098	static
354.0021	16.00098	original
381.0021	16.00099	translation
408.0021	16.00098	scrambled
