onset	duration	trial_type
3.000534	16.02743	original
30.00117	16.00527	scrambled
57.00158	16.00576	static
84.00184	16.00117	translation
111.0025	16.00264	static
138.0033	16.00123	original
165.0033	16.00098	translation
192.0033	16.00138	scrambled
219.0033	16.00101	scrambled
246.0033	16.00136	translation
273.0034	16.001	original
300.0034	16.00098	static
327.0034	16.00099	translation
354.0034	16.00103	static
381.0034	16.00101	scrambled
408.0034	16.00098	original
